<settings>
    <audiocds>
        <autoaction default="true">0</autoaction>
        <bitrate default="true">192</bitrate>
        <compressionlevel default="true">5</compressionlevel>
        <ejectonrip default="true">true</ejectonrip>
        <encoder default="true">3</encoder>
        <quality default="true">0</quality>
        <recordingpath default="true"></recordingpath>
        <trackpathformat default="true">%A/%A - %B/[%N. ][%A - ]%T</trackpathformat>
        <usecddb default="true">true</usecddb>
    </audiocds>
    <audiooutput>
        <ac3passthrough default="true">true</ac3passthrough>
        <ac3transcode default="true">false</ac3transcode>
        <audiodevice default="true">DARWINOSX:default</audiodevice>
        <channels default="true">1</channels>
        <config default="true">2</config>
        <dtshdpassthrough default="true">false</dtshdpassthrough>
        <dtspassthrough default="true">false</dtspassthrough>
        <eac3passthrough default="true">false</eac3passthrough>
        <guisoundmode default="true">1</guisoundmode>
        <normalizelevels default="true">true</normalizelevels>
        <passthrough default="true">false</passthrough>
        <passthroughdevice default="true">default</passthroughdevice>
        <processquality default="true">30</processquality>
        <samplerate default="true">48000</samplerate>
        <stereoupmix default="true">false</stereoupmix>
        <streamsilence default="true">1</streamsilence>
        <truehdpassthrough default="true">false</truehdpassthrough>
    </audiooutput>
    <cache>
        <harddisk default="true">256</harddisk>
    </cache>
    <cacheaudio>
        <dvdrom default="true">256</dvdrom>
        <internet default="true">256</internet>
        <lan default="true">256</lan>
    </cacheaudio>
    <cachedvd>
        <dvdrom default="true">2048</dvdrom>
        <lan default="true">2048</lan>
    </cachedvd>
    <cacheunknown>
        <internet default="true">4096</internet>
    </cacheunknown>
    <cachevideo>
        <dvdrom default="true">2048</dvdrom>
        <internet default="true">4096</internet>
        <lan default="true">2048</lan>
    </cachevideo>
    <debug>
        <screenshotpath default="true"></screenshotpath>
        <showloginfo default="true">false</showloginfo>
    </debug>
    <dvds>
        <automenu default="true">false</automenu>
        <autorun default="true">false</autorun>
        <playerregion default="true">0</playerregion>
    </dvds>
    <epg>
        <daystodisplay default="true">3</daystodisplay>
        <defaultguideview default="true">3</defaultguideview>
        <epgupdate default="true">120</epgupdate>
        <hidenoinfoavailable default="true">true</hidenoinfoavailable>
        <ignoredbforclient default="true">false</ignoredbforclient>
        <preventupdateswhileplayingtv default="true">false</preventupdateswhileplayingtv>
        <selectaction default="true">2</selectaction>
    </epg>
    <filelists>
        <allowfiledeletion default="true">false</allowfiledeletion>
        <ignorethewhensorting default="true">true</ignorethewhensorting>
        <showaddsourcebuttons default="true">true</showaddsourcebuttons>
        <showextensions default="true">true</showextensions>
        <showhidden>true</showhidden>
        <showparentdiritems default="true">true</showparentdiritems>
    </filelists>
    <general>
        <addonautoupdate default="true">true</addonautoupdate>
        <addonforeignfilter default="true">false</addonforeignfilter>
        <addonnotifications default="true">true</addonnotifications>
        <settinglevel>3</settinglevel>
        <systemtotaluptime>27404</systemtotaluptime>
    </general>
    <input>
        <appleremotealwayson default="true">false</appleremotealwayson>
        <appleremotemode default="true">1</appleremotemode>
        <appleremotesequencetime default="true">500</appleremotesequencetime>
        <enablejoystick default="true">true</enablejoystick>
        <enablemouse default="true">true</enablemouse>
        <enablesystemkeys default="true">true</enablesystemkeys>
        <remoteaskeyboard default="true">false</remoteaskeyboard>
    </input>
    <karaoke>
        <autopopupselector default="true">false</autopopupselector>
        <charset default="true">DEFAULT</charset>
        <enabled default="true">false</enabled>
        <font default="true">arial.ttf</font>
        <fontcolors default="true">0</fontcolors>
        <fontheight default="true">36</fontheight>
    </karaoke>
    <locale>
        <audiolanguage default="true">original</audiolanguage>
        <charset default="true">DEFAULT</charset>
        <country default="true">USA (12h)</country>
        <language default="true">English</language>
        <subtitlelanguage default="true">original</subtitlelanguage>
        <timezone default="true"></timezone>
        <timezonecountry default="true">?</timezonecountry>
    </locale>
    <lookandfeel>
        <enablerssfeeds default="true">true</enablerssfeeds>
        <font default="true">Default</font>
        <rssedit default="true"></rssedit>
        <skin>skin.aeon.nox.5</skin>
        <skincolors default="true">SKINDEFAULT</skincolors>
        <skintheme default="true">SKINDEFAULT</skintheme>
        <skinzoom default="true">0</skinzoom>
        <soundskin default="true">SKINDEFAULT</soundskin>
        <startupwindow default="true">10000</startupwindow>
    </lookandfeel>
    <masterlock>
        <maxretries default="true">3</maxretries>
        <startuplock default="true">false</startuplock>
    </masterlock>
    <musicfiles>
        <findremotethumbs default="true">true</findremotethumbs>
        <librarytrackformat default="true"></librarytrackformat>
        <librarytrackformatright default="true"></librarytrackformatright>
        <nowplayingtrackformat default="true"></nowplayingtrackformat>
        <nowplayingtrackformatright default="true"></nowplayingtrackformatright>
        <trackformat default="true">[%N. ]%A - %T</trackformat>
        <trackformatright default="true">%D</trackformatright>
        <usetags default="true">true</usetags>
    </musicfiles>
    <musiclibrary>
        <albumsscraper default="true">metadata.album.universal</albumsscraper>
        <artistsscraper default="true">metadata.artists.universal</artistsscraper>
        <backgroundupdate default="true">false</backgroundupdate>
        <downloadinfo default="true">false</downloadinfo>
        <enabled default="true">true</enabled>
        <overridetags default="true">false</overridetags>
        <showcompilationartists default="true">true</showcompilationartists>
        <updateonstartup default="true">false</updateonstartup>
    </musiclibrary>
    <musicplayer>
        <autoplaynextitem default="true">true</autoplaynextitem>
        <crossfade>3</crossfade>
        <crossfadealbumtracks default="true">true</crossfadealbumtracks>
        <queuebydefault default="true">false</queuebydefault>
        <replaygainavoidclipping default="true">false</replaygainavoidclipping>
        <replaygainnogainpreamp default="true">89</replaygainnogainpreamp>
        <replaygainpreamp default="true">89</replaygainpreamp>
        <replaygaintype default="true">1</replaygaintype>
        <visualisation></visualisation>
    </musicplayer>
    <mymusic>
        <defaultlibview default="true"></defaultlibview>
        <songthumbinvis default="true">false</songthumbinvis>
        <startwindow>10502</startwindow>
        <playlist>
            <repeat>false</repeat>
            <shuffle>false</shuffle>
        </playlist>
        <needsupdate>0</needsupdate>
    </mymusic>
    <myvideos>
        <extractflags default="true">true</extractflags>
        <extractthumb default="true">true</extractthumb>
        <flatten default="true">false</flatten>
        <replacelabels default="true">true</replacelabels>
        <selectaction default="true">1</selectaction>
        <stackvideos default="true">false</stackvideos>
        <startwindow>10025</startwindow>
        <watchmodemovies>0</watchmodemovies>
        <watchmodetvshows>0</watchmodetvshows>
        <watchmodemusicvideos>0</watchmodemusicvideos>
        <playlist>
            <repeat>false</repeat>
            <shuffle>false</shuffle>
        </playlist>
        <needsupdate>0</needsupdate>
    </myvideos>
    <network>
        <bandwidth default="true">0</bandwidth>
        <httpproxypassword default="true"></httpproxypassword>
        <httpproxyport default="true">8080</httpproxyport>
        <httpproxyserver default="true"></httpproxyserver>
        <httpproxytype default="true">0</httpproxytype>
        <httpproxyusername default="true"></httpproxyusername>
        <usehttpproxy default="true">false</usehttpproxy>
    </network>
    <pictures>
        <displayresolution default="true">14</displayresolution>
        <generatethumbs default="true">true</generatethumbs>
        <showvideos default="true">true</showvideos>
        <useexifrotation default="true">true</useexifrotation>
        <usetags default="true">true</usetags>
    </pictures>
    <powermanagement>
        <displaysoff default="true">0</displaysoff>
        <shutdownstate default="true">0</shutdownstate>
        <shutdowntime default="true">0</shutdowntime>
        <wakeonaccess default="true">false</wakeonaccess>
    </powermanagement>
    <pvrmanager>
        <backendchannelorder default="true">true</backendchannelorder>
        <enabled default="true">false</enabled>
        <hideconnectionlostwarning default="true">false</hideconnectionlostwarning>
        <syncchannelgroups default="true">true</syncchannelgroups>
        <usebackendchannelnumbers default="true">false</usebackendchannelnumbers>
    </pvrmanager>
    <pvrmenu>
        <closechannelosdonswitch default="true">false</closechannelosdonswitch>
        <iconpath default="true"></iconpath>
        <infoswitch default="true">true</infoswitch>
        <infotime default="true">5</infotime>
        <infotimeout default="true">true</infotimeout>
    </pvrmenu>
    <pvrparental>
        <duration default="true">300</duration>
        <enabled default="true">false</enabled>
        <pin default="true"></pin>
    </pvrparental>
    <pvrplayback>
        <channelentrytimeout default="true">0</channelentrytimeout>
        <confirmchannelswitch default="true">false</confirmchannelswitch>
        <playminimized default="true">true</playminimized>
        <scantime default="true">10</scantime>
        <signalquality default="true">true</signalquality>
        <startlast default="true">0</startlast>
    </pvrplayback>
    <pvrpowermanagement>
        <backendidletime default="true">15</backendidletime>
        <dailywakeup default="true">false</dailywakeup>
        <dailywakeuptime default="true">00:00:00</dailywakeuptime>
        <enabled default="true">false</enabled>
        <prewakeup default="true">15</prewakeup>
        <setwakeupcmd default="true"></setwakeupcmd>
    </pvrpowermanagement>
    <pvrrecord>
        <defaultlifetime default="true">99</defaultlifetime>
        <defaultpriority default="true">50</defaultpriority>
        <instantrecordtime default="true">120</instantrecordtime>
        <marginend default="true">0</marginend>
        <marginstart default="true">0</marginstart>
        <timernotifications default="true">true</timernotifications>
    </pvrrecord>
    <scrapers>
        <moviesdefault default="true">metadata.themoviedb.org</moviesdefault>
        <musicvideosdefault default="true">metadata.musicvideos.theaudiodb.com</musicvideosdefault>
        <tvshowsdefault default="true">metadata.tvdb.com</tvshowsdefault>
    </scrapers>
    <screensaver>
        <mode default="true">screensaver.xbmc.builtin.dim</mode>
        <time default="true">3</time>
        <usedimonpause default="true">true</usedimonpause>
        <usemusicvisinstead default="true">true</usemusicvisinstead>
    </screensaver>
    <services>
        <airplay default="true">false</airplay>
        <airplaypassword default="true"></airplaypassword>
        <airplayvolumecontrol default="true">true</airplayvolumecontrol>
        <devicename default="true">XBMC</devicename>
        <esallinterfaces default="true">false</esallinterfaces>
        <escontinuousdelay default="true">25</escontinuousdelay>
        <esenabled default="true">true</esenabled>
        <esinitialdelay default="true">750</esinitialdelay>
        <esmaxclients default="true">20</esmaxclients>
        <esport default="true">9777</esport>
        <esportrange default="true">10</esportrange>
        <upnpannounce default="true">true</upnpannounce>
        <upnpcontroller default="true">false</upnpcontroller>
        <upnprenderer default="true">false</upnprenderer>
        <upnpserver default="true">false</upnpserver>
        <useairplaypassword default="true">false</useairplaypassword>
        <webserver default="true">false</webserver>
        <webserverpassword default="true"></webserverpassword>
        <webserverport default="true">8080</webserverport>
        <webserverusername default="true">xbmc</webserverusername>
        <webskin default="true">webinterface.default</webskin>
        <zeroconf default="true">true</zeroconf>
    </services>
    <slideshow>
        <displayeffects default="true">true</displayeffects>
        <shuffle default="true">false</shuffle>
        <staytime default="true">5</staytime>
    </slideshow>
    <smb>
        <winsserver default="true">0.0.0.0</winsserver>
        <workgroup default="true">WORKGROUP</workgroup>
    </smb>
    <subtitles>
        <align default="true">0</align>
        <charset default="true">DEFAULT</charset>
        <color default="true">1</color>
        <custompath default="true"></custompath>
        <font default="true">arial.ttf</font>
        <height default="true">28</height>
        <languages default="true">English</languages>
        <movie default="true">-</movie>
        <overrideassfonts default="true">false</overrideassfonts>
        <pauseonsearch default="true">true</pauseonsearch>
        <stereoscopicdepth default="true">0</stereoscopicdepth>
        <storagemode default="true">0</storagemode>
        <style default="true">1</style>
        <tv default="true">-</tv>
    </subtitles>
    <system>
        <playlistspath>special://profile/playlists/</playlistspath>
    </system>
    <videolibrary>
        <actorthumbs default="true">true</actorthumbs>
        <backgroundupdate default="true">false</backgroundupdate>
        <enabled default="true">true</enabled>
        <flattentvshows default="true">1</flattentvshows>
        <groupmoviesets default="true">false</groupmoviesets>
        <showunwatchedplots default="true">true</showunwatchedplots>
        <updateonstartup default="true">false</updateonstartup>
    </videolibrary>
    <videoplayer>
        <adjustrefreshrate default="true">0</adjustrefreshrate>
        <autoplaynextitem default="true">false</autoplaynextitem>
        <decodingmethod default="true">1</decodingmethod>
        <errorinaspect default="true">0</errorinaspect>
        <hqscalers default="true">0</hqscalers>
        <maxspeedadjust default="true">5</maxspeedadjust>
        <pauseafterrefreshchange default="true">0</pauseafterrefreshchange>
        <quitstereomodeonstop default="true">true</quitstereomodeonstop>
        <rendermethod default="true">0</rendermethod>
        <stereoscopicplaybackmode default="true">0</stereoscopicplaybackmode>
        <stretch43 default="true">0</stretch43>
        <synctype default="true">2</synctype>
        <teletextenabled default="true">true</teletextenabled>
        <teletextscale default="true">true</teletextscale>
        <useamcodec default="true">true</useamcodec>
        <usechd default="true">true</usechd>
        <usedisplayasclock default="true">false</usedisplayasclock>
        <usedxva2 default="true">true</usedxva2>
        <useframemtdec default="true">false</useframemtdec>
        <useomx default="true">true</useomx>
        <usepbo default="true">true</usepbo>
        <usevaapi default="true">true</usevaapi>
        <usevaapimpeg2 default="true">true</usevaapimpeg2>
        <usevaapimpeg4 default="true">true</usevaapimpeg4>
        <usevaapivc1 default="true">false</usevaapivc1>
        <usevda default="true">true</usevda>
        <usevdpau default="true">true</usevdpau>
        <usevdpaumixer default="true">true</usevdpaumixer>
        <usevdpaumpeg2 default="true">true</usevdpaumpeg2>
        <usevdpaumpeg4 default="true">false</usevdpaumpeg4>
        <usevdpauvc1 default="true">true</usevdpauvc1>
        <usevideotoolbox default="true">true</usevideotoolbox>
        <vdpauUpscalingLevel default="true">false</vdpauUpscalingLevel>
        <vdpau_allow_xrandr default="true">false</vdpau_allow_xrandr>
    </videoplayer>
    <videoscreen>
        <blankdisplays default="true">false</blankdisplays>
        <fakefullscreen default="true">true</fakefullscreen>
        <limitedrange default="true">false</limitedrange>
        <preferedstereoscopicmode default="true">0</preferedstereoscopicmode>
        <resolution default="true">16</resolution>
        <screen default="true">0</screen>
        <screenmode default="true">DESKTOP</screenmode>
        <stereoscopicmode default="true">0</stereoscopicmode>
        <vsync default="true">2</vsync>
    </videoscreen>
    <weather>
        <addon default="true"></addon>
        <currentlocation default="true">1</currentlocation>
    </weather>
    <window>
        <height>1118</height>
        <width>1280</width>
    </window>
    <defaultvideosettings>
        <deinterlacemode>0</deinterlacemode>
        <interlacemethod>1</interlacemethod>
        <scalingmethod>1</scalingmethod>
        <noisereduction>0.000000</noisereduction>
        <postprocess>false</postprocess>
        <sharpness>0.000000</sharpness>
        <viewmode>0</viewmode>
        <zoomamount>1.000000</zoomamount>
        <pixelratio>1.000000</pixelratio>
        <verticalshift>0.000000</verticalshift>
        <volumeamplification>0.000000</volumeamplification>
        <outputtoallspeakers>false</outputtoallspeakers>
        <showsubtitles>true</showsubtitles>
        <brightness>50.000000</brightness>
        <contrast>50.000000</contrast>
        <gamma>20.000000</gamma>
        <audiodelay>0.000000</audiodelay>
        <subtitledelay>0.000000</subtitledelay>
        <autocrop>false</autocrop>
        <nonlinstretch>false</nonlinstretch>
        <stereomode>0</stereomode>
    </defaultvideosettings>
    <skinsettings>
        <setting type="bool" name="skin.confluence.Use_Startup_Playlist">false</setting>
        <setting type="bool" name="skin.confluence.UseCustomBackground">false</setting>
        <setting type="bool" name="skin.confluence.HideBackGroundFanart">false</setting>
        <setting type="bool" name="skin.confluence.ShowBackgroundVideo">false</setting>
        <setting type="bool" name="skin.confluence.ShowBackgroundVis">false</setting>
        <setting type="bool" name="skin.confluence.HomepageHideRecentlyAddedVideo">false</setting>
        <setting type="bool" name="skin.confluence.HomepageHideRecentlyAddedAlbums">false</setting>
        <setting type="bool" name="skin.confluence.homepageWeatherinfo">false</setting>
        <setting type="bool" name="skin.confluence.homepageMusicinfo">false</setting>
        <setting type="bool" name="skin.confluence.homepageVideoinfo">false</setting>
        <setting type="bool" name="skin.confluence.HomeMenuNoMovieButton">false</setting>
        <setting type="bool" name="skin.confluence.HomeMenuNoTVShowButton">false</setting>
        <setting type="bool" name="skin.confluence.HomeMenuNoWeatherButton">false</setting>
        <setting type="bool" name="skin.confluence.HomeMenuNoPicturesButton">false</setting>
        <setting type="bool" name="skin.confluence.HomeMenuNoVideosButton">false</setting>
        <setting type="bool" name="skin.confluence.HomeMenuNoMusicButton">false</setting>
        <setting type="bool" name="skin.confluence.HomeMenuNoProgramsButton">false</setting>
        <setting type="bool" name="skin.confluence.AutoScroll">false</setting>
        <setting type="bool" name="skin.confluence.FirstTimeRun">true</setting>
        <setting type="bool" name="skin.aeon.nox.5.Enable.SlimList">false</setting>
        <setting type="bool" name="skin.aeon.nox.5.HorizontalListNav">false</setting>
        <setting type="bool" name="skin.aeon.nox.5.KioskMode.Enabled">false</setting>
        <setting type="bool" name="skin.aeon.nox.5.Disable.Fanart">false</setting>
        <setting type="bool" name="skin.aeon.nox.5.Disable.ShowBackgroundVis">false</setting>
        <setting type="bool" name="skin.aeon.nox.5.Disable.ShowBackgroundVideo">false</setting>
        <setting type="bool" name="skin.aeon.nox.5.Enable.AutoScroll">false</setting>
        <setting type="bool" name="skin.aeon.nox.5.Disable.Videoinfo">false</setting>
        <setting type="bool" name="skin.aeon.nox.5.Disable.Musicinfo">false</setting>
        <setting type="bool" name="skin.aeon.nox.5.Detach.RSS">false</setting>
        <setting type="bool" name="skin.aeon.nox.5.mainmenuicons">false</setting>
        <setting type="bool" name="skin.aeon.nox.5.lowermainmenu">true</setting>
        <setting type="bool" name="skin.aeon.nox.5.biggergap">false</setting>
        <setting type="bool" name="skin.aeon.nox.5.VideoInfoPlotToggle">false</setting>
        <setting type="bool" name="skin.aeon.nox.5.Use_Startup_Playlist">true</setting>
        <setting type="bool" name="skin.aeon.nox.5.Enable.TvTunes">false</setting>
        <setting type="bool" name="skin.aeon.nox.5.Disable.NextAired">true</setting>
        <setting type="bool" name="skin.aeon.nox.5.HideVisualizationFanart">false</setting>
        <setting type="bool" name="skin.aeon.nox.5.BigAssLabel">false</setting>
        <setting type="bool" name="skin.aeon.nox.5.Enable.VizInfo">false</setting>
        <setting type="bool" name="skin.aeon.nox.5.Enable.VizPersistent">false</setting>
        <setting type="bool" name="skin.aeon.nox.5.Disable.UnwatchedIcon">false</setting>
        <setting type="bool" name="skin.aeon.nox.5.nohighlist">false</setting>
        <setting type="bool" name="skin.aeon.nox.5.ShowWeatherFanart">false</setting>
        <setting type="bool" name="skin.aeon.nox.5.Disable.Resumable">false</setting>
        <setting type="bool" name="skin.aeon.nox.5.AnimeWindowXMLDialogClose">false</setting>
        <setting type="bool" name="skin.box.ThemeBackgroundColor">false</setting>
        <setting type="bool" name="skin.box.Fanart">false</setting>
        <setting type="bool" name="skin.box.EnableMoviesExtrafanart">false</setting>
        <setting type="bool" name="skin.box.EnableTvShowsExtrafanart">false</setting>
        <setting type="bool" name="skin.box.EnableSeasonsExtrafanart">false</setting>
        <setting type="bool" name="skin.box.EnableEpisodesExtrafanart">false</setting>
        <setting type="bool" name="skin.box.DisableArtistExtrafanartInNavigation">false</setting>
        <setting type="bool" name="skin.box.PlayingVideoOnBackground">false</setting>
        <setting type="bool" name="skin.box.showNowPlayingOnHome">false</setting>
        <setting type="bool" name="skin.box.DisplayWeatherInfo">false</setting>
        <setting type="bool" name="skin.box.showViewOptions">false</setting>
        <setting type="bool" name="skin.box.DebugGrid">false</setting>
        <setting type="bool" name="skin.box.DebugInfo">false</setting>
        <setting type="bool" name="skin.box.EnableHomeMenu1">true</setting>
        <setting type="bool" name="skin.box.EnableHomeMenu2">true</setting>
        <setting type="bool" name="skin.box.EnableHomeMenu3">true</setting>
        <setting type="bool" name="skin.box.DisableHomeFanart">false</setting>
        <setting type="bool" name="skin.box.HideHomeMenuIcons">false</setting>
        <setting type="bool" name="skin.box.showHomeHiddenMenu">false</setting>
        <setting type="bool" name="skin.box.EnableHomeMenu4">false</setting>
        <setting type="bool" name="skin.box.EnableHomeMenu5">false</setting>
        <setting type="bool" name="skin.box.EnableHomeMenu6">false</setting>
        <setting type="bool" name="skin.box.EnableHomeMenu7">false</setting>
        <setting type="bool" name="skin.box.EnableHomeMenu8">false</setting>
        <setting type="bool" name="skin.box.EnableHomeMenu9">false</setting>
        <setting type="bool" name="skin.box.EnableHomeMenu10">false</setting>
        <setting type="bool" name="skin.box.EnableHomeMenu11">false</setting>
        <setting type="bool" name="skin.box.EnableHomeMenu12">false</setting>
        <setting type="bool" name="skin.box.EnableHomeMenu13">false</setting>
        <setting type="bool" name="skin.box.EnableHomeMenu14">false</setting>
        <setting type="bool" name="skin.box.EnableHomeMenu15">false</setting>
        <setting type="bool" name="skin.box.DisableHomeAnimations">false</setting>
        <setting type="bool" name="skin.box.Visualization">false</setting>
        <setting type="bool" name="skin.box.DisplayScrollingText">false</setting>
        <setting type="bool" name="skin.box.ActivateTvTunes">false</setting>
        <setting type="bool" name="skin.box.EnableArtistSlideshowAddon">false</setting>
        <setting type="bool" name="skin.box.EnableTvShowNexAired">false</setting>
        <setting type="string" name="skin.confluence.CustomBackgroundPath"></setting>
        <setting type="string" name="skin.confluence.HomeVideosButton1"></setting>
        <setting type="string" name="skin.confluence.HomeVideosButton2"></setting>
        <setting type="string" name="skin.confluence.HomeVideosButton3"></setting>
        <setting type="string" name="skin.confluence.HomeVideosButton4"></setting>
        <setting type="string" name="skin.confluence.HomeVideosButton5"></setting>
        <setting type="string" name="skin.confluence.HomeMusicButton1"></setting>
        <setting type="string" name="skin.confluence.HomeMusicButton2"></setting>
        <setting type="string" name="skin.confluence.HomeMusicButton3"></setting>
        <setting type="string" name="skin.confluence.HomeMusicButton4"></setting>
        <setting type="string" name="skin.confluence.HomeMusicButton5"></setting>
        <setting type="string" name="skin.confluence.HomePictureButton1"></setting>
        <setting type="string" name="skin.confluence.HomePictureButton2"></setting>
        <setting type="string" name="skin.confluence.HomePictureButton3"></setting>
        <setting type="string" name="skin.confluence.HomePictureButton4"></setting>
        <setting type="string" name="skin.confluence.HomePictureButton5"></setting>
        <setting type="string" name="skin.confluence.HomeProgramButton1"></setting>
        <setting type="string" name="skin.confluence.HomeProgramButton2"></setting>
        <setting type="string" name="skin.confluence.HomeProgramButton3"></setting>
        <setting type="string" name="skin.confluence.HomeProgramButton4"></setting>
        <setting type="string" name="skin.confluence.HomeProgramButton5"></setting>
        <setting type="string" name="skin.aeon.nox.5.VideoGenreFanartPath"></setting>
        <setting type="string" name="skin.aeon.nox.5.MusicGenreFanartPath"></setting>
        <setting type="string" name="skin.aeon.nox.5.System.Fallback"></setting>
        <setting type="string" name="skin.aeon.nox.5.WeatherFanartDir"></setting>
        <setting type="string" name="skin.aeon.nox.5.PicturesHomeItem.Disable"></setting>
        <setting type="string" name="skin.aeon.nox.5.MusicHomeItem.Disable"></setting>
        <setting type="string" name="skin.aeon.nox.5.MovieHomeItem.Disable"></setting>
        <setting type="string" name="skin.aeon.nox.5.TVShowHomeItem.Disable"></setting>
        <setting type="string" name="skin.aeon.nox.5.LiveTVHomeItem.Disable"></setting>
        <setting type="string" name="skin.aeon.nox.5.Custom1HomeItem.Disable"></setting>
        <setting type="string" name="skin.aeon.nox.5.Custom1HomeItem.Path">ActivateWindow(10001,&quot;plugin://plugin.program.super.favourites/?label=TV&amp;mode=400&amp;path=/Users/MichaelRoberts/Library/Application+Support/XBMC/userdata/addon_data/plugin.program.super.favourites/Super+Favourites/TV&amp;image=http://1.bp.blogspot.com/_h9hhsY9crXk/SYGhJrx3-XI/AAAAAAAAAAM/Rb4cL_EQqYw/s320/tv.gif&amp;fanart=special://home/addons/plugin.video.SportsDevil/fanart.jpg&quot;,return)</setting>
        <setting type="string" name="skin.aeon.nox.5.Custom2HomeItem.Disable"></setting>
        <setting type="string" name="skin.aeon.nox.5.Custom2HomeItem.Path">ActivateWindow(10025,&quot;plugin://plugin.video.SportsDevil&quot;,return)</setting>
        <setting type="string" name="skin.aeon.nox.5.Custom3HomeItem.Disable"></setting>
        <setting type="string" name="skin.aeon.nox.5.Custom3HomeItem.Path">ActivateWindow(10001,&quot;plugin://plugin.program.super.favourites/?label=Workouts&amp;mode=400&amp;path=/Users/MichaelRoberts/Library/Application+Support/XBMC/userdata/addon_data/plugin.program.super.favourites/Super+Favourites/Workouts&amp;image=http://destinationripped.com/wp-content/uploads/2013/03/Adult-Fitness-Focus-T25.jpg&amp;fanart=http://bestscreenwallpaper.com/wp-content/uploads/2013/09/P90X-wallpaper-HD-Free-Theme-picture-bestscreenwallpaper.com_.jpg&quot;,return)</setting>
        <setting type="string" name="skin.aeon.nox.5.Custom4HomeItem.Disable"></setting>
        <setting type="string" name="skin.aeon.nox.5.Custom4HomeItem.Path">RunAddOn(script.navi-x)</setting>
        <setting type="string" name="skin.aeon.nox.5.Custom5HomeItem.Disable"></setting>
        <setting type="string" name="skin.aeon.nox.5.Custom5HomeItem.Path">RunAddOn(script.icechannel)</setting>
        <setting type="string" name="skin.aeon.nox.5.Custom6HomeItem.Disable">True</setting>
        <setting type="string" name="skin.aeon.nox.5.Custom6HomeItem.Path">ActivateWindow(10502,special://profile/addon_data/script.skinshortcuts/1.xsp,return)</setting>
        <setting type="string" name="skin.aeon.nox.5.VideosHomeItem.Disable">True</setting>
        <setting type="string" name="skin.aeon.nox.5.ProgramsHomeItem.Disable"></setting>
        <setting type="string" name="skin.aeon.nox.5.SettingsHomeItem.Disable"></setting>
        <setting type="string" name="skin.aeon.nox.5.ShutdownHomeItem.Disable"></setting>
        <setting type="string" name="skin.aeon.nox.5.FavoritesHomeItem.Disable">True</setting>
        <setting type="string" name="skin.aeon.nox.5.WeatherHomeItem.Disable"></setting>
        <setting type="string" name="skin.aeon.nox.5.MusicVideoHomeItem.Disable">True</setting>
        <setting type="string" name="skin.aeon.nox.5.PicturesHomeItem.Label">[COLOR gold]Concerts[/COLOR]</setting>
        <setting type="string" name="skin.aeon.nox.5.PicturesHomeItem.MultiFanart">/Users/MichaelRoberts/Library/Application Support/XBMC/Custom Media/Backgrounds/Concerts/</setting>
        <setting type="string" name="skin.aeon.nox.5.PicturesHomeItem.Icon">views/list/DefaultMusicVideos.png</setting>
        <setting type="string" name="skin.aeon.nox.5.PicturesHomeItem.Path">ActivateWindow(10025,&quot;plugin://plugin.video.concertarchive&quot;,return)</setting>
        <setting type="string" name="skin.aeon.nox.5.PicturesHomeItem.BGType">2</setting>
        <setting type="string" name="skin.aeon.nox.5.PicturesHomeItem.Widget"></setting>
        <setting type="string" name="skin.aeon.nox.5.PicturesHomeItem.WidgetLabel"></setting>
        <setting type="string" name="skin.aeon.nox.5.PicturesHomeItem.WidgetType"></setting>
        <setting type="string" name="skin.aeon.nox.5.PicturesHomeItem.InfoLine"></setting>
        <setting type="string" name="skin.aeon.nox.5.PicturesHomeItem.SubMenu">x13</setting>
        <setting type="string" name="skin.aeon.nox.5.MusicHomeItem.Label">[COLOR gold]Music Box[/COLOR]</setting>
        <setting type="string" name="skin.aeon.nox.5.MusicHomeItem.MultiFanart">/Users/MichaelRoberts/Library/Application Support/XBMC/Custom Media/Backgrounds/Music Box/</setting>
        <setting type="string" name="skin.aeon.nox.5.MusicHomeItem.Icon"></setting>
        <setting type="string" name="skin.aeon.nox.5.MusicHomeItem.Path">ActivateWindow(10501,&quot;plugin://plugin.audio.musicbox&quot;,return)</setting>
        <setting type="string" name="skin.aeon.nox.5.MusicHomeItem.BGType">2</setting>
        <setting type="string" name="skin.aeon.nox.5.MusicHomeItem.Widget">10</setting>
        <setting type="string" name="skin.aeon.nox.5.MusicHomeItem.WidgetLabel">Recommended albums</setting>
        <setting type="string" name="skin.aeon.nox.5.MusicHomeItem.WidgetType">2</setting>
        <setting type="string" name="skin.aeon.nox.5.MusicHomeItem.InfoLine"></setting>
        <setting type="string" name="skin.aeon.nox.5.MusicHomeItem.SubMenu"></setting>
        <setting type="string" name="skin.aeon.nox.5.MovieHomeItem.Label">[COLOR gold]TuneIn Radio[/COLOR]</setting>
        <setting type="string" name="skin.aeon.nox.5.MovieHomeItem.MultiFanart">/Users/MichaelRoberts/Library/Application Support/XBMC/Custom Media/Backgrounds/Tunein Radio/</setting>
        <setting type="string" name="skin.aeon.nox.5.MovieHomeItem.Icon">special://skin/extras/icons/Customize.png</setting>
        <setting type="string" name="skin.aeon.nox.5.MovieHomeItem.Path">ActivateWindow(10501,&quot;plugin://plugin.audio.tuneinradio&quot;,return)</setting>
        <setting type="string" name="skin.aeon.nox.5.MovieHomeItem.BGType">2</setting>
        <setting type="string" name="skin.aeon.nox.5.MovieHomeItem.Widget"></setting>
        <setting type="string" name="skin.aeon.nox.5.MovieHomeItem.WidgetLabel"></setting>
        <setting type="string" name="skin.aeon.nox.5.MovieHomeItem.WidgetType"></setting>
        <setting type="string" name="skin.aeon.nox.5.MovieHomeItem.InfoLine"></setting>
        <setting type="string" name="skin.aeon.nox.5.MovieHomeItem.SubMenu">x404</setting>
        <setting type="string" name="skin.aeon.nox.5.TVShowHomeItem.Label">[COLOR blue]MOVIES[/COLOR]</setting>
        <setting type="string" name="skin.aeon.nox.5.TVShowHomeItem.MultiFanart">/Users/MichaelRoberts/Library/Application Support/XBMC/Custom Media/Backgrounds/Movies/</setting>
        <setting type="string" name="skin.aeon.nox.5.TVShowHomeItem.Icon">views/list/DefaultMovies.png</setting>
        <setting type="string" name="skin.aeon.nox.5.TVShowHomeItem.Path">ActivateWindow(Videos,MovieTitles,return)</setting>
        <setting type="string" name="skin.aeon.nox.5.TVShowHomeItem.BGType">2</setting>
        <setting type="string" name="skin.aeon.nox.5.TVShowHomeItem.Widget">2</setting>
        <setting type="string" name="skin.aeon.nox.5.TVShowHomeItem.WidgetLabel">Random movies</setting>
        <setting type="string" name="skin.aeon.nox.5.TVShowHomeItem.WidgetType">1</setting>
        <setting type="string" name="skin.aeon.nox.5.TVShowHomeItem.InfoLine"></setting>
        <setting type="string" name="skin.aeon.nox.5.TVShowHomeItem.SubMenu">x10</setting>
        <setting type="string" name="skin.aeon.nox.5.LiveTVHomeItem.Label">[COLOR blue]TV SHOWS[/COLOR]</setting>
        <setting type="string" name="skin.aeon.nox.5.LiveTVHomeItem.MultiFanart">/Users/MichaelRoberts/Library/Application Support/XBMC/Custom Media/Backgrounds/TvShows/tv-digital-art-hd-wallpaper-1920x1200-5780.jpg</setting>
        <setting type="string" name="skin.aeon.nox.5.LiveTVHomeItem.Icon">views/list/DefaultTVShows.png</setting>
        <setting type="string" name="skin.aeon.nox.5.LiveTVHomeItem.Path">ActivateWindow(Videos,TVShowTitles,return)</setting>
        <setting type="string" name="skin.aeon.nox.5.LiveTVHomeItem.BGType">1</setting>
        <setting type="string" name="skin.aeon.nox.5.LiveTVHomeItem.Widget">special://skin/extras/playlists/recentepisodes.xsp</setting>
        <setting type="string" name="skin.aeon.nox.5.LiveTVHomeItem.WidgetLabel">Recent episodes</setting>
        <setting type="string" name="skin.aeon.nox.5.LiveTVHomeItem.WidgetType">1</setting>
        <setting type="string" name="skin.aeon.nox.5.LiveTVHomeItem.InfoLine"></setting>
        <setting type="string" name="skin.aeon.nox.5.LiveTVHomeItem.SubMenu">x11</setting>
        <setting type="string" name="skin.aeon.nox.5.VideosHomeItem.Label"></setting>
        <setting type="string" name="skin.aeon.nox.5.VideosHomeItem.MultiFanart"></setting>
        <setting type="string" name="skin.aeon.nox.5.VideosHomeItem.Icon"></setting>
        <setting type="string" name="skin.aeon.nox.5.VideosHomeItem.Path"></setting>
        <setting type="string" name="skin.aeon.nox.5.VideosHomeItem.BGType"></setting>
        <setting type="string" name="skin.aeon.nox.5.VideosHomeItem.Widget"></setting>
        <setting type="string" name="skin.aeon.nox.5.VideosHomeItem.WidgetLabel"></setting>
        <setting type="string" name="skin.aeon.nox.5.VideosHomeItem.WidgetType"></setting>
        <setting type="string" name="skin.aeon.nox.5.VideosHomeItem.InfoLine"></setting>
        <setting type="string" name="skin.aeon.nox.5.VideosHomeItem.SubMenu"></setting>
        <setting type="string" name="skin.aeon.nox.5.ProgramsHomeItem.Label">[COLOR lime]APPS[/COLOR]</setting>
        <setting type="string" name="skin.aeon.nox.5.ProgramsHomeItem.MultiFanart">/Users/MichaelRoberts/Library/Application Support/XBMC/Custom Media/Backgrounds/Apps/appstore.jpg</setting>
        <setting type="string" name="skin.aeon.nox.5.ProgramsHomeItem.Icon">views/list/DefaultProgram.png</setting>
        <setting type="string" name="skin.aeon.nox.5.ProgramsHomeItem.Path">ActivateWindow(Programs,Addons,return)</setting>
        <setting type="string" name="skin.aeon.nox.5.ProgramsHomeItem.BGType">1</setting>
        <setting type="string" name="skin.aeon.nox.5.ProgramsHomeItem.Widget">addons://sources/executable/</setting>
        <setting type="string" name="skin.aeon.nox.5.ProgramsHomeItem.WidgetLabel">Program Add-ons</setting>
        <setting type="string" name="skin.aeon.nox.5.ProgramsHomeItem.WidgetType">4</setting>
        <setting type="string" name="skin.aeon.nox.5.ProgramsHomeItem.InfoLine"></setting>
        <setting type="string" name="skin.aeon.nox.5.ProgramsHomeItem.SubMenu">x1</setting>
        <setting type="string" name="skin.aeon.nox.5.SettingsHomeItem.Label">[COLOR red]Power[/COLOR]</setting>
        <setting type="string" name="skin.aeon.nox.5.SettingsHomeItem.MultiFanart">/Users/MichaelRoberts/Library/Application Support/XBMC/Custom Media/Backgrounds/Power/</setting>
        <setting type="string" name="skin.aeon.nox.5.SettingsHomeItem.Icon">special://skin/extras/icons/power.png</setting>
        <setting type="string" name="skin.aeon.nox.5.SettingsHomeItem.Path">ActivateWindow(shutdownmenu)</setting>
        <setting type="string" name="skin.aeon.nox.5.SettingsHomeItem.BGType">2</setting>
        <setting type="string" name="skin.aeon.nox.5.SettingsHomeItem.Widget"></setting>
        <setting type="string" name="skin.aeon.nox.5.SettingsHomeItem.WidgetLabel"></setting>
        <setting type="string" name="skin.aeon.nox.5.SettingsHomeItem.WidgetType"></setting>
        <setting type="string" name="skin.aeon.nox.5.SettingsHomeItem.InfoLine"></setting>
        <setting type="string" name="skin.aeon.nox.5.SettingsHomeItem.SubMenu">x6</setting>
        <setting type="string" name="skin.aeon.nox.5.ShutdownHomeItem.Label">[COLOR red]System[/COLOR]</setting>
        <setting type="string" name="skin.aeon.nox.5.ShutdownHomeItem.MultiFanart">/Users/MichaelRoberts/Desktop/NewRisen3.png</setting>
        <setting type="string" name="skin.aeon.nox.5.ShutdownHomeItem.Icon">views/list/DefaultAddonService.png</setting>
        <setting type="string" name="skin.aeon.nox.5.ShutdownHomeItem.Path">ActivateWindow(Settings)</setting>
        <setting type="string" name="skin.aeon.nox.5.ShutdownHomeItem.BGType">1</setting>
        <setting type="string" name="skin.aeon.nox.5.ShutdownHomeItem.Widget"></setting>
        <setting type="string" name="skin.aeon.nox.5.ShutdownHomeItem.WidgetLabel"></setting>
        <setting type="string" name="skin.aeon.nox.5.ShutdownHomeItem.WidgetType"></setting>
        <setting type="string" name="skin.aeon.nox.5.ShutdownHomeItem.InfoLine"></setting>
        <setting type="string" name="skin.aeon.nox.5.ShutdownHomeItem.SubMenu">x5</setting>
        <setting type="string" name="skin.aeon.nox.5.FavoritesHomeItem.Label"></setting>
        <setting type="string" name="skin.aeon.nox.5.FavoritesHomeItem.MultiFanart"></setting>
        <setting type="string" name="skin.aeon.nox.5.FavoritesHomeItem.Icon"></setting>
        <setting type="string" name="skin.aeon.nox.5.FavoritesHomeItem.Path"></setting>
        <setting type="string" name="skin.aeon.nox.5.FavoritesHomeItem.BGType"></setting>
        <setting type="string" name="skin.aeon.nox.5.FavoritesHomeItem.Widget"></setting>
        <setting type="string" name="skin.aeon.nox.5.FavoritesHomeItem.WidgetLabel"></setting>
        <setting type="string" name="skin.aeon.nox.5.FavoritesHomeItem.WidgetType"></setting>
        <setting type="string" name="skin.aeon.nox.5.FavoritesHomeItem.InfoLine"></setting>
        <setting type="string" name="skin.aeon.nox.5.FavoritesHomeItem.SubMenu"></setting>
        <setting type="string" name="skin.aeon.nox.5.WeatherHomeItem.Label">[COLOR deepskyblue]WEATHER[/COLOR]</setting>
        <setting type="string" name="skin.aeon.nox.5.WeatherHomeItem.MultiFanart">/Users/MichaelRoberts/Library/Application Support/XBMC/Custom Media/Backgrounds/Weather/weather.jpg</setting>
        <setting type="string" name="skin.aeon.nox.5.WeatherHomeItem.Icon"></setting>
        <setting type="string" name="skin.aeon.nox.5.WeatherHomeItem.Path"></setting>
        <setting type="string" name="skin.aeon.nox.5.WeatherHomeItem.BGType">1</setting>
        <setting type="string" name="skin.aeon.nox.5.WeatherHomeItem.Widget"></setting>
        <setting type="string" name="skin.aeon.nox.5.WeatherHomeItem.WidgetLabel"></setting>
        <setting type="string" name="skin.aeon.nox.5.WeatherHomeItem.WidgetType"></setting>
        <setting type="string" name="skin.aeon.nox.5.WeatherHomeItem.InfoLine"></setting>
        <setting type="string" name="skin.aeon.nox.5.WeatherHomeItem.SubMenu"></setting>
        <setting type="string" name="skin.aeon.nox.5.MusicVideoHomeItem.Label">PICTURES</setting>
        <setting type="string" name="skin.aeon.nox.5.MusicVideoHomeItem.MultiFanart"></setting>
        <setting type="string" name="skin.aeon.nox.5.MusicVideoHomeItem.Icon">views/list/DefaultPicture.png</setting>
        <setting type="string" name="skin.aeon.nox.5.MusicVideoHomeItem.Path">ActivateWindow(Pictures)</setting>
        <setting type="string" name="skin.aeon.nox.5.MusicVideoHomeItem.BGType"></setting>
        <setting type="string" name="skin.aeon.nox.5.MusicVideoHomeItem.Widget"></setting>
        <setting type="string" name="skin.aeon.nox.5.MusicVideoHomeItem.WidgetLabel"></setting>
        <setting type="string" name="skin.aeon.nox.5.MusicVideoHomeItem.WidgetType"></setting>
        <setting type="string" name="skin.aeon.nox.5.MusicVideoHomeItem.InfoLine"></setting>
        <setting type="string" name="skin.aeon.nox.5.MusicVideoHomeItem.SubMenu">x4</setting>
        <setting type="string" name="skin.aeon.nox.5.Startup_Playlist_Path">/Users/MichaelRoberts/Library/Application Support/XBMC/Custom Media/Intro Video/RisenXBMCintro.mp4</setting>
        <setting type="string" name="skin.aeon.nox.5.InfoPanel.Delay"></setting>
        <setting type="string" name="skin.aeon.nox.5.Custom1HomeItem.Label">[COLOR blue]Live TV[/COLOR]</setting>
        <setting type="string" name="skin.aeon.nox.5.Custom1HomeItem.MultiFanart">/Users/MichaelRoberts/Library/Application Support/XBMC/Custom Media/Backgrounds/TvShows/tvart.jpg</setting>
        <setting type="string" name="skin.aeon.nox.5.Custom1HomeItem.Icon">views/list/DefaultAddonPVRClient.png</setting>
        <setting type="string" name="skin.aeon.nox.5.Custom1HomeItem.BGType">1</setting>
        <setting type="string" name="skin.aeon.nox.5.Custom1HomeItem.Widget"></setting>
        <setting type="string" name="skin.aeon.nox.5.Custom1HomeItem.WidgetLabel"></setting>
        <setting type="string" name="skin.aeon.nox.5.Custom1HomeItem.WidgetType"></setting>
        <setting type="string" name="skin.aeon.nox.5.Custom1HomeItem.InfoLine"></setting>
        <setting type="string" name="skin.aeon.nox.5.Custom1HomeItem.SubMenu">x12</setting>
        <setting type="string" name="skin.aeon.nox.5.Custom2HomeItem.Label">[COLOR crimson]Sports[/COLOR]</setting>
        <setting type="string" name="skin.aeon.nox.5.Custom2HomeItem.MultiFanart">/Users/MichaelRoberts/Library/Application Support/XBMC/Custom Media/Backgrounds/Sports/</setting>
        <setting type="string" name="skin.aeon.nox.5.Custom2HomeItem.Icon">special://skin/extras/icons/Customize.png</setting>
        <setting type="string" name="skin.aeon.nox.5.Custom2HomeItem.BGType">2</setting>
        <setting type="string" name="skin.aeon.nox.5.Custom2HomeItem.Widget"></setting>
        <setting type="string" name="skin.aeon.nox.5.Custom2HomeItem.WidgetLabel"></setting>
        <setting type="string" name="skin.aeon.nox.5.Custom2HomeItem.WidgetType"></setting>
        <setting type="string" name="skin.aeon.nox.5.Custom2HomeItem.InfoLine"></setting>
        <setting type="string" name="skin.aeon.nox.5.Custom2HomeItem.SubMenu">x101</setting>
        <setting type="string" name="skin.aeon.nox.5.Custom3HomeItem.Label">[COLOR crimson]Workouts[/COLOR]</setting>
        <setting type="string" name="skin.aeon.nox.5.Custom3HomeItem.MultiFanart">/Users/MichaelRoberts/Library/Application Support/XBMC/Custom Media/Backgrounds/Workouts/</setting>
        <setting type="string" name="skin.aeon.nox.5.Custom3HomeItem.Icon">special://skin/extras/icons/Customize.png</setting>
        <setting type="string" name="skin.aeon.nox.5.Custom3HomeItem.BGType">2</setting>
        <setting type="string" name="skin.aeon.nox.5.Custom3HomeItem.Widget"></setting>
        <setting type="string" name="skin.aeon.nox.5.Custom3HomeItem.WidgetLabel"></setting>
        <setting type="string" name="skin.aeon.nox.5.Custom3HomeItem.WidgetType"></setting>
        <setting type="string" name="skin.aeon.nox.5.Custom3HomeItem.InfoLine"></setting>
        <setting type="string" name="skin.aeon.nox.5.Custom3HomeItem.SubMenu">x202</setting>
        <setting type="string" name="skin.aeon.nox.5.Custom4HomeItem.Label">[COLOR lime]Navi-X[/COLOR]</setting>
        <setting type="string" name="skin.aeon.nox.5.Custom4HomeItem.MultiFanart">/Users/MichaelRoberts/Library/Application Support/XBMC/Custom Media/Backgrounds/NaviX/navix.jpg</setting>
        <setting type="string" name="skin.aeon.nox.5.Custom4HomeItem.Icon">special://skin/extras/icons/Customize.png</setting>
        <setting type="string" name="skin.aeon.nox.5.Custom4HomeItem.BGType">1</setting>
        <setting type="string" name="skin.aeon.nox.5.Custom4HomeItem.Widget"></setting>
        <setting type="string" name="skin.aeon.nox.5.Custom4HomeItem.WidgetLabel"></setting>
        <setting type="string" name="skin.aeon.nox.5.Custom4HomeItem.WidgetType"></setting>
        <setting type="string" name="skin.aeon.nox.5.Custom4HomeItem.InfoLine"></setting>
        <setting type="string" name="skin.aeon.nox.5.Custom4HomeItem.SubMenu">x505</setting>
        <setting type="string" name="skin.aeon.nox.5.Custom5HomeItem.Label">[COLOR lime]iSTREAM[/COLOR]</setting>
        <setting type="string" name="skin.aeon.nox.5.Custom5HomeItem.MultiFanart">/Users/MichaelRoberts/Library/Application Support/XBMC/Custom Media/Backgrounds/iStream/istream.jpg</setting>
        <setting type="string" name="skin.aeon.nox.5.Custom5HomeItem.Icon">special://skin/extras/icons/Customize.png</setting>
        <setting type="string" name="skin.aeon.nox.5.Custom5HomeItem.BGType">1</setting>
        <setting type="string" name="skin.aeon.nox.5.Custom5HomeItem.Widget">addons://sources/video/</setting>
        <setting type="string" name="skin.aeon.nox.5.Custom5HomeItem.WidgetLabel">Video Add-ons</setting>
        <setting type="string" name="skin.aeon.nox.5.Custom5HomeItem.WidgetType">1</setting>
        <setting type="string" name="skin.aeon.nox.5.Custom5HomeItem.InfoLine"></setting>
        <setting type="string" name="skin.aeon.nox.5.Custom5HomeItem.SubMenu">x303</setting>
        <setting type="string" name="skin.aeon.nox.5.Custom6HomeItem.Label">Music</setting>
        <setting type="string" name="skin.aeon.nox.5.Custom6HomeItem.MultiFanart"></setting>
        <setting type="string" name="skin.aeon.nox.5.Custom6HomeItem.Icon"></setting>
        <setting type="string" name="skin.aeon.nox.5.Custom6HomeItem.BGType"></setting>
        <setting type="string" name="skin.aeon.nox.5.Custom6HomeItem.Widget"></setting>
        <setting type="string" name="skin.aeon.nox.5.Custom6HomeItem.WidgetLabel"></setting>
        <setting type="string" name="skin.aeon.nox.5.Custom6HomeItem.WidgetType"></setting>
        <setting type="string" name="skin.aeon.nox.5.Custom6HomeItem.InfoLine"></setting>
        <setting type="string" name="skin.aeon.nox.5.Custom6HomeItem.SubMenu"></setting>
        <setting type="string" name="skin.aeon.nox.5.ItemToEdit.Widget"></setting>
        <setting type="string" name="skin.aeon.nox.5.ItemToEdit.WidgetLabel"></setting>
        <setting type="string" name="skin.aeon.nox.5.ItemToEdit.WidgetType"></setting>
        <setting type="string" name="skin.aeon.nox.5.ItemToEdit.InfoLine"></setting>
        <setting type="string" name="skin.aeon.nox.5.Music.Fallback"></setting>
        <setting type="string" name="skin.aeon.nox.5.Viz.Background"></setting>
        <setting type="string" name="skin.aeon.nox.5.53.Movies.InfoPanel">2</setting>
        <setting type="string" name="skin.aeon.nox.5.53.TVShows.InfoPanel">2</setting>
        <setting type="string" name="skin.aeon.nox.5.53.Seasons.InfoPanel"></setting>
        <setting type="string" name="skin.aeon.nox.5.53.Sets.InfoPanel"></setting>
        <setting type="string" name="skin.aeon.nox.5.52.Movies.InfoPanel">2</setting>
        <setting type="string" name="skin.aeon.nox.5.52.TVShows.InfoPanel"></setting>
        <setting type="string" name="skin.aeon.nox.5.52.Seasons.InfoPanel"></setting>
        <setting type="string" name="skin.aeon.nox.5.52.Episodes.InfoPanel"></setting>
        <setting type="string" name="skin.aeon.nox.5.52.Sets.InfoPanel"></setting>
        <setting type="string" name="skin.aeon.nox.5.Movies.Fallback"></setting>
        <setting type="string" name="skin.aeon.nox.5.TVShows.Fallback"></setting>
        <setting type="string" name="skin.aeon.nox.5.Videos.Fallback"></setting>
        <setting type="string" name="skin.aeon.nox.5.Apps.Fallback"></setting>
        <setting type="string" name="skin.aeon.nox.5.LiveTV.Fallback"></setting>
        <setting type="string" name="skin.aeon.nox.5.Home_Custom_Back_TV_Folder"></setting>
        <setting type="string" name="skin.aeon.nox.5.ItemToEdit.BGType"></setting>
        <setting type="string" name="skin.aeon.nox.5.ItemToEdit.MultiFanart"></setting>
        <setting type="string" name="skin.aeon.nox.5.Weather.Fallback"></setting>
        <setting type="string" name="skin.aeon.nox.5.Overlay.Toggle"></setting>
        <setting type="string" name="skin.aeon.nox.5.54.Albums.InfoPanel"></setting>
        <setting type="string" name="skin.aeon.nox.5.54.Artists.InfoPanel"></setting>
        <setting type="string" name="skin.aeon.nox.5.52.Artists.InfoPanel"></setting>
        <setting type="string" name="skin.box.ArtistsFanartPath"></setting>
        <setting type="string" name="skin.box.FirstSkinRun">Configured</setting>
        <setting type="string" name="skin.box.SubMenu1Tile1.Type">Movies</setting>
        <setting type="string" name="skin.box.SubMenu1Tile2.Type">MovieLibrary</setting>
        <setting type="string" name="skin.box.SubMenu1Tile3.Type">RecentylAddedMovies</setting>
        <setting type="string" name="skin.box.SubMenu1Tile4.Type">VideoLibrary</setting>
        <setting type="string" name="skin.box.SubMenu1Tile5.Type">VideoAddons</setting>
        <setting type="string" name="skin.box.SubMenu2Tile1.Type">TvShows</setting>
        <setting type="string" name="skin.box.SubMenu2Tile2.Type">TVShowLibrary</setting>
        <setting type="string" name="skin.box.SubMenu2Tile3.Type">RecentylAddedEpisodes</setting>
        <setting type="string" name="skin.box.SubMenu2Tile4.Type">VideoLibrary</setting>
        <setting type="string" name="skin.box.SubMenu2Tile5.Type">VideoAddons</setting>
        <setting type="string" name="skin.box.SubMenu3Tile1.Type">Albums</setting>
        <setting type="string" name="skin.box.SubMenu3Tile2.Type">MusicLibrary</setting>
        <setting type="string" name="skin.box.SubMenu3Tile3.Type">Artists</setting>
        <setting type="string" name="skin.box.SubMenu3Tile4.Type">MusicFiles</setting>
        <setting type="string" name="skin.box.SubMenu3Tile5.Type">MusicAddons</setting>
        <setting type="string" name="skin.box.HomeWidget1.Type">RecentMovies</setting>
        <setting type="string" name="skin.box.HomeWidget2.Type">RecentEpisodesThumbs</setting>
        <setting type="string" name="skin.box.HomeWidget3.Type">RecentAlbums</setting>
        <setting type="string" name="skin.box.HomeWidget1.Layout">Poster</setting>
        <setting type="string" name="skin.box.HomeWidget2.Layout">Thumb</setting>
        <setting type="string" name="skin.box.HomeWidget3.Layout">Cover</setting>
        <setting type="string" name="skin.box.HomeMenu1.Label">Movies</setting>
        <setting type="string" name="skin.box.HomeMenu2.Label">Tv Shows</setting>
        <setting type="string" name="skin.box.HomeMenu3.Label">Music</setting>
        <setting type="string" name="skin.box.HomeMenu1.Image">HomeIcons/Movies.png</setting>
        <setting type="string" name="skin.box.HomeMenu2.Image">HomeIcons/TvShows.png</setting>
        <setting type="string" name="skin.box.HomeMenu3.Image">HomeIcons/Music.png</setting>
        <setting type="string" name="skin.box.SideMenuTile1.Type">Weather</setting>
        <setting type="string" name="skin.box.SideMenuTile2.Type">Pictures</setting>
        <setting type="string" name="skin.box.SideMenuTile3.Type">Programs</setting>
        <setting type="string" name="skin.box.SideMenuTile4.Type">Favourites</setting>
        <setting type="string" name="skin.box.SideMenuTile5.Type">Settings</setting>
        <setting type="string" name="skin.box.SideMenuTile6.Type">Shutdown</setting>
        <setting type="string" name="skin.box.HomeWidget4.Type"></setting>
        <setting type="string" name="skin.box.HomeWidget5.Type"></setting>
        <setting type="string" name="skin.box.HomeWidget6.Type"></setting>
        <setting type="string" name="skin.box.HomeWidget7.Type"></setting>
        <setting type="string" name="skin.box.HomeWidget8.Type"></setting>
        <setting type="string" name="skin.box.HomeWidget9.Type"></setting>
        <setting type="string" name="skin.box.HomeWidget10.Type"></setting>
        <setting type="string" name="skin.box.HomeWidget11.Type"></setting>
        <setting type="string" name="skin.box.HomeWidget12.Type"></setting>
        <setting type="string" name="skin.box.HomeWidget13.Type"></setting>
        <setting type="string" name="skin.box.HomeWidget14.Type"></setting>
        <setting type="string" name="skin.box.HomeWidget15.Type"></setting>
        <setting type="string" name="skin.box.HomeMenu4.Label"></setting>
        <setting type="string" name="skin.box.HomeMenu4.Image"></setting>
        <setting type="string" name="skin.box.HomeMenu5.Label"></setting>
        <setting type="string" name="skin.box.HomeMenu5.Image"></setting>
        <setting type="string" name="skin.box.HomeMenu6.Label"></setting>
        <setting type="string" name="skin.box.HomeMenu6.Image"></setting>
        <setting type="string" name="skin.box.HomeMenu7.Label"></setting>
        <setting type="string" name="skin.box.HomeMenu7.Image"></setting>
        <setting type="string" name="skin.box.HomeMenu8.Label"></setting>
        <setting type="string" name="skin.box.HomeMenu8.Image"></setting>
        <setting type="string" name="skin.box.HomeMenu9.Label"></setting>
        <setting type="string" name="skin.box.HomeMenu9.Image"></setting>
        <setting type="string" name="skin.box.HomeMenu10.Label"></setting>
        <setting type="string" name="skin.box.HomeMenu10.Image"></setting>
        <setting type="string" name="skin.box.HomeMenu11.Label"></setting>
        <setting type="string" name="skin.box.HomeMenu11.Image"></setting>
        <setting type="string" name="skin.box.HomeMenu12.Label"></setting>
        <setting type="string" name="skin.box.HomeMenu12.Image"></setting>
        <setting type="string" name="skin.box.HomeMenu13.Label"></setting>
        <setting type="string" name="skin.box.HomeMenu13.Image"></setting>
        <setting type="string" name="skin.box.HomeMenu14.Label"></setting>
        <setting type="string" name="skin.box.HomeMenu14.Image"></setting>
        <setting type="string" name="skin.box.HomeMenu15.Label"></setting>
        <setting type="string" name="skin.box.HomeMenu15.Image"></setting>
        <setting type="string" name="skin.box.SubMenu1Tile1.Label"></setting>
        <setting type="string" name="skin.box.SubMenu1Tile1.Image"></setting>
        <setting type="string" name="skin.box.SubMenu1Tile2.Label"></setting>
        <setting type="string" name="skin.box.SubMenu1Tile2.Image"></setting>
        <setting type="string" name="skin.box.SubMenu1Tile2.ImageType"></setting>
        <setting type="string" name="skin.box.SubMenu1Tile3.Label"></setting>
        <setting type="string" name="skin.box.SubMenu1Tile3.Image"></setting>
        <setting type="string" name="skin.box.SubMenu1Tile3.ImageType"></setting>
        <setting type="string" name="skin.box.SubMenu1Tile4.Label"></setting>
        <setting type="string" name="skin.box.SubMenu1Tile4.Image"></setting>
        <setting type="string" name="skin.box.SubMenu1Tile4.ImageType"></setting>
        <setting type="string" name="skin.box.SubMenu1Tile5.Label"></setting>
        <setting type="string" name="skin.box.SubMenu1Tile5.Image"></setting>
        <setting type="string" name="skin.box.SubMenu1Tile5.ImageType"></setting>
        <setting type="string" name="skin.box.SubMenu2Tile1.Label"></setting>
        <setting type="string" name="skin.box.SubMenu2Tile1.Image"></setting>
        <setting type="string" name="skin.box.SubMenu2Tile2.Label"></setting>
        <setting type="string" name="skin.box.SubMenu2Tile2.Image"></setting>
        <setting type="string" name="skin.box.SubMenu2Tile2.ImageType"></setting>
        <setting type="string" name="skin.box.SubMenu2Tile3.Label"></setting>
        <setting type="string" name="skin.box.SubMenu2Tile3.Image"></setting>
        <setting type="string" name="skin.box.SubMenu2Tile3.ImageType"></setting>
        <setting type="string" name="skin.box.SubMenu2Tile4.Label"></setting>
        <setting type="string" name="skin.box.SubMenu2Tile4.Image"></setting>
        <setting type="string" name="skin.box.SubMenu2Tile4.ImageType"></setting>
        <setting type="string" name="skin.box.SubMenu2Tile5.Label"></setting>
        <setting type="string" name="skin.box.SubMenu2Tile5.Image"></setting>
        <setting type="string" name="skin.box.SubMenu2Tile5.ImageType"></setting>
        <setting type="string" name="skin.box.SubMenu3Tile1.Label"></setting>
        <setting type="string" name="skin.box.SubMenu3Tile1.Image"></setting>
        <setting type="string" name="skin.box.SubMenu3Tile2.Label"></setting>
        <setting type="string" name="skin.box.SubMenu3Tile2.Image"></setting>
        <setting type="string" name="skin.box.SubMenu3Tile2.ImageType"></setting>
        <setting type="string" name="skin.box.SubMenu3Tile3.Label"></setting>
        <setting type="string" name="skin.box.SubMenu3Tile3.Image"></setting>
        <setting type="string" name="skin.box.SubMenu3Tile3.ImageType"></setting>
        <setting type="string" name="skin.box.SubMenu3Tile4.Label"></setting>
        <setting type="string" name="skin.box.SubMenu3Tile4.Image"></setting>
        <setting type="string" name="skin.box.SubMenu3Tile4.ImageType"></setting>
        <setting type="string" name="skin.box.SubMenu3Tile5.Label"></setting>
        <setting type="string" name="skin.box.SubMenu3Tile5.Image"></setting>
        <setting type="string" name="skin.box.SubMenu3Tile5.ImageType"></setting>
        <setting type="string" name="skin.box.SubMenu4Tile1.Type"></setting>
        <setting type="string" name="skin.box.SubMenu4Tile1.Label"></setting>
        <setting type="string" name="skin.box.SubMenu4Tile1.Image"></setting>
        <setting type="string" name="skin.box.SubMenu4Tile2.Type"></setting>
        <setting type="string" name="skin.box.SubMenu4Tile2.Label"></setting>
        <setting type="string" name="skin.box.SubMenu4Tile2.Image"></setting>
        <setting type="string" name="skin.box.SubMenu4Tile2.ImageType"></setting>
        <setting type="string" name="skin.box.SubMenu4Tile3.Type"></setting>
        <setting type="string" name="skin.box.SubMenu4Tile3.Label"></setting>
        <setting type="string" name="skin.box.SubMenu4Tile3.Image"></setting>
        <setting type="string" name="skin.box.SubMenu4Tile3.ImageType"></setting>
        <setting type="string" name="skin.box.SubMenu4Tile4.Type"></setting>
        <setting type="string" name="skin.box.SubMenu4Tile4.Label"></setting>
        <setting type="string" name="skin.box.SubMenu4Tile4.Image"></setting>
        <setting type="string" name="skin.box.SubMenu4Tile4.ImageType"></setting>
        <setting type="string" name="skin.box.SubMenu4Tile5.Type"></setting>
        <setting type="string" name="skin.box.SubMenu4Tile5.Label"></setting>
        <setting type="string" name="skin.box.SubMenu4Tile5.Image"></setting>
        <setting type="string" name="skin.box.SubMenu4Tile5.ImageType"></setting>
        <setting type="string" name="skin.box.SubMenu5Tile1.Type"></setting>
        <setting type="string" name="skin.box.SubMenu5Tile1.Label"></setting>
        <setting type="string" name="skin.box.SubMenu5Tile1.Image"></setting>
        <setting type="string" name="skin.box.SubMenu5Tile2.Type"></setting>
        <setting type="string" name="skin.box.SubMenu5Tile2.Label"></setting>
        <setting type="string" name="skin.box.SubMenu5Tile2.Image"></setting>
        <setting type="string" name="skin.box.SubMenu5Tile2.ImageType"></setting>
        <setting type="string" name="skin.box.SubMenu5Tile3.Type"></setting>
        <setting type="string" name="skin.box.SubMenu5Tile3.Label"></setting>
        <setting type="string" name="skin.box.SubMenu5Tile3.Image"></setting>
        <setting type="string" name="skin.box.SubMenu5Tile3.ImageType"></setting>
        <setting type="string" name="skin.box.SubMenu5Tile4.Type"></setting>
        <setting type="string" name="skin.box.SubMenu5Tile4.Label"></setting>
        <setting type="string" name="skin.box.SubMenu5Tile4.Image"></setting>
        <setting type="string" name="skin.box.SubMenu5Tile4.ImageType"></setting>
        <setting type="string" name="skin.box.SubMenu5Tile5.Type"></setting>
        <setting type="string" name="skin.box.SubMenu5Tile5.Label"></setting>
        <setting type="string" name="skin.box.SubMenu5Tile5.Image"></setting>
        <setting type="string" name="skin.box.SubMenu5Tile5.ImageType"></setting>
        <setting type="string" name="skin.box.SubMenu6Tile1.Type"></setting>
        <setting type="string" name="skin.box.SubMenu6Tile1.Label"></setting>
        <setting type="string" name="skin.box.SubMenu6Tile1.Image"></setting>
        <setting type="string" name="skin.box.SubMenu6Tile2.Type"></setting>
        <setting type="string" name="skin.box.SubMenu6Tile2.Label"></setting>
        <setting type="string" name="skin.box.SubMenu6Tile2.Image"></setting>
        <setting type="string" name="skin.box.SubMenu6Tile2.ImageType"></setting>
        <setting type="string" name="skin.box.SubMenu6Tile3.Type"></setting>
        <setting type="string" name="skin.box.SubMenu6Tile3.Label"></setting>
        <setting type="string" name="skin.box.SubMenu6Tile3.Image"></setting>
        <setting type="string" name="skin.box.SubMenu6Tile3.ImageType"></setting>
        <setting type="string" name="skin.box.SubMenu6Tile4.Type"></setting>
        <setting type="string" name="skin.box.SubMenu6Tile4.Label"></setting>
        <setting type="string" name="skin.box.SubMenu6Tile4.Image"></setting>
        <setting type="string" name="skin.box.SubMenu6Tile4.ImageType"></setting>
        <setting type="string" name="skin.box.SubMenu6Tile5.Type"></setting>
        <setting type="string" name="skin.box.SubMenu6Tile5.Label"></setting>
        <setting type="string" name="skin.box.SubMenu6Tile5.Image"></setting>
        <setting type="string" name="skin.box.SubMenu6Tile5.ImageType"></setting>
        <setting type="string" name="skin.box.SubMenu7Tile1.Type"></setting>
        <setting type="string" name="skin.box.SubMenu7Tile1.Label"></setting>
        <setting type="string" name="skin.box.SubMenu7Tile1.Image"></setting>
        <setting type="string" name="skin.box.SubMenu7Tile2.Type"></setting>
        <setting type="string" name="skin.box.SubMenu7Tile2.Label"></setting>
        <setting type="string" name="skin.box.SubMenu7Tile2.Image"></setting>
        <setting type="string" name="skin.box.SubMenu7Tile2.ImageType"></setting>
        <setting type="string" name="skin.box.SubMenu7Tile3.Type"></setting>
        <setting type="string" name="skin.box.SubMenu7Tile3.Label"></setting>
        <setting type="string" name="skin.box.SubMenu7Tile3.Image"></setting>
        <setting type="string" name="skin.box.SubMenu7Tile3.ImageType"></setting>
        <setting type="string" name="skin.box.SubMenu7Tile4.Type"></setting>
        <setting type="string" name="skin.box.SubMenu7Tile4.Label"></setting>
        <setting type="string" name="skin.box.SubMenu7Tile4.Image"></setting>
        <setting type="string" name="skin.box.SubMenu7Tile4.ImageType"></setting>
        <setting type="string" name="skin.box.SubMenu7Tile5.Type"></setting>
        <setting type="string" name="skin.box.SubMenu7Tile5.Label"></setting>
        <setting type="string" name="skin.box.SubMenu7Tile5.Image"></setting>
        <setting type="string" name="skin.box.SubMenu7Tile5.ImageType"></setting>
        <setting type="string" name="skin.box.SubMenu8Tile1.Type"></setting>
        <setting type="string" name="skin.box.SubMenu8Tile1.Label"></setting>
        <setting type="string" name="skin.box.SubMenu8Tile1.Image"></setting>
        <setting type="string" name="skin.box.SubMenu8Tile2.Type"></setting>
        <setting type="string" name="skin.box.SubMenu8Tile2.Label"></setting>
        <setting type="string" name="skin.box.SubMenu8Tile2.Image"></setting>
        <setting type="string" name="skin.box.SubMenu8Tile2.ImageType"></setting>
        <setting type="string" name="skin.box.SubMenu8Tile3.Type"></setting>
        <setting type="string" name="skin.box.SubMenu8Tile3.Label"></setting>
        <setting type="string" name="skin.box.SubMenu8Tile3.Image"></setting>
        <setting type="string" name="skin.box.SubMenu8Tile3.ImageType"></setting>
        <setting type="string" name="skin.box.SubMenu8Tile4.Type"></setting>
        <setting type="string" name="skin.box.SubMenu8Tile4.Label"></setting>
        <setting type="string" name="skin.box.SubMenu8Tile4.Image"></setting>
        <setting type="string" name="skin.box.SubMenu8Tile4.ImageType"></setting>
        <setting type="string" name="skin.box.SubMenu8Tile5.Type"></setting>
        <setting type="string" name="skin.box.SubMenu8Tile5.Label"></setting>
        <setting type="string" name="skin.box.SubMenu8Tile5.Image"></setting>
        <setting type="string" name="skin.box.SubMenu8Tile5.ImageType"></setting>
        <setting type="string" name="skin.box.SubMenu9Tile1.Type"></setting>
        <setting type="string" name="skin.box.SubMenu9Tile1.Label"></setting>
        <setting type="string" name="skin.box.SubMenu9Tile1.Image"></setting>
        <setting type="string" name="skin.box.SubMenu9Tile2.Type"></setting>
        <setting type="string" name="skin.box.SubMenu9Tile2.Label"></setting>
        <setting type="string" name="skin.box.SubMenu9Tile2.Image"></setting>
        <setting type="string" name="skin.box.SubMenu9Tile2.ImageType"></setting>
        <setting type="string" name="skin.box.SubMenu9Tile3.Type"></setting>
        <setting type="string" name="skin.box.SubMenu9Tile3.Label"></setting>
        <setting type="string" name="skin.box.SubMenu9Tile3.Image"></setting>
        <setting type="string" name="skin.box.SubMenu9Tile3.ImageType"></setting>
        <setting type="string" name="skin.box.SubMenu9Tile4.Type"></setting>
        <setting type="string" name="skin.box.SubMenu9Tile4.Label"></setting>
        <setting type="string" name="skin.box.SubMenu9Tile4.Image"></setting>
        <setting type="string" name="skin.box.SubMenu9Tile4.ImageType"></setting>
        <setting type="string" name="skin.box.SubMenu9Tile5.Type"></setting>
        <setting type="string" name="skin.box.SubMenu9Tile5.Label"></setting>
        <setting type="string" name="skin.box.SubMenu9Tile5.Image"></setting>
        <setting type="string" name="skin.box.SubMenu9Tile5.ImageType"></setting>
        <setting type="string" name="skin.box.SubMenu10Tile1.Type"></setting>
        <setting type="string" name="skin.box.SubMenu10Tile1.Label"></setting>
        <setting type="string" name="skin.box.SubMenu10Tile1.Image"></setting>
        <setting type="string" name="skin.box.SubMenu10Tile2.Type"></setting>
        <setting type="string" name="skin.box.SubMenu10Tile2.Label"></setting>
        <setting type="string" name="skin.box.SubMenu10Tile2.Image"></setting>
        <setting type="string" name="skin.box.SubMenu10Tile2.ImageType"></setting>
        <setting type="string" name="skin.box.SubMenu10Tile3.Type"></setting>
        <setting type="string" name="skin.box.SubMenu10Tile3.Label"></setting>
        <setting type="string" name="skin.box.SubMenu10Tile3.Image"></setting>
        <setting type="string" name="skin.box.SubMenu10Tile3.ImageType"></setting>
        <setting type="string" name="skin.box.SubMenu10Tile4.Type"></setting>
        <setting type="string" name="skin.box.SubMenu10Tile4.Label"></setting>
        <setting type="string" name="skin.box.SubMenu10Tile4.Image"></setting>
        <setting type="string" name="skin.box.SubMenu10Tile4.ImageType"></setting>
        <setting type="string" name="skin.box.SubMenu10Tile5.Type"></setting>
        <setting type="string" name="skin.box.SubMenu10Tile5.Label"></setting>
        <setting type="string" name="skin.box.SubMenu10Tile5.Image"></setting>
        <setting type="string" name="skin.box.SubMenu10Tile5.ImageType"></setting>
        <setting type="string" name="skin.box.SubMenu11Tile1.Type"></setting>
        <setting type="string" name="skin.box.SubMenu11Tile1.Label"></setting>
        <setting type="string" name="skin.box.SubMenu11Tile1.Image"></setting>
        <setting type="string" name="skin.box.SubMenu11Tile2.Type"></setting>
        <setting type="string" name="skin.box.SubMenu11Tile2.Label"></setting>
        <setting type="string" name="skin.box.SubMenu11Tile2.Image"></setting>
        <setting type="string" name="skin.box.SubMenu11Tile2.ImageType"></setting>
        <setting type="string" name="skin.box.SubMenu11Tile3.Type"></setting>
        <setting type="string" name="skin.box.SubMenu11Tile3.Label"></setting>
        <setting type="string" name="skin.box.SubMenu11Tile3.Image"></setting>
        <setting type="string" name="skin.box.SubMenu11Tile3.ImageType"></setting>
        <setting type="string" name="skin.box.SubMenu11Tile4.Type"></setting>
        <setting type="string" name="skin.box.SubMenu11Tile4.Label"></setting>
        <setting type="string" name="skin.box.SubMenu11Tile4.Image"></setting>
        <setting type="string" name="skin.box.SubMenu11Tile4.ImageType"></setting>
        <setting type="string" name="skin.box.SubMenu11Tile5.Type"></setting>
        <setting type="string" name="skin.box.SubMenu11Tile5.Label"></setting>
        <setting type="string" name="skin.box.SubMenu11Tile5.Image"></setting>
        <setting type="string" name="skin.box.SubMenu11Tile5.ImageType"></setting>
        <setting type="string" name="skin.box.SubMenu12Tile1.Type"></setting>
        <setting type="string" name="skin.box.SubMenu12Tile1.Label"></setting>
        <setting type="string" name="skin.box.SubMenu12Tile1.Image"></setting>
        <setting type="string" name="skin.box.SubMenu12Tile2.Type"></setting>
        <setting type="string" name="skin.box.SubMenu12Tile2.Label"></setting>
        <setting type="string" name="skin.box.SubMenu12Tile2.Image"></setting>
        <setting type="string" name="skin.box.SubMenu12Tile2.ImageType"></setting>
        <setting type="string" name="skin.box.SubMenu12Tile3.Type"></setting>
        <setting type="string" name="skin.box.SubMenu12Tile3.Label"></setting>
        <setting type="string" name="skin.box.SubMenu12Tile3.Image"></setting>
        <setting type="string" name="skin.box.SubMenu12Tile3.ImageType"></setting>
        <setting type="string" name="skin.box.SubMenu12Tile4.Type"></setting>
        <setting type="string" name="skin.box.SubMenu12Tile4.Label"></setting>
        <setting type="string" name="skin.box.SubMenu12Tile4.Image"></setting>
        <setting type="string" name="skin.box.SubMenu12Tile4.ImageType"></setting>
        <setting type="string" name="skin.box.SubMenu12Tile5.Type"></setting>
        <setting type="string" name="skin.box.SubMenu12Tile5.Label"></setting>
        <setting type="string" name="skin.box.SubMenu12Tile5.Image"></setting>
        <setting type="string" name="skin.box.SubMenu12Tile5.ImageType"></setting>
        <setting type="string" name="skin.box.SubMenu13Tile1.Type"></setting>
        <setting type="string" name="skin.box.SubMenu13Tile1.Label"></setting>
        <setting type="string" name="skin.box.SubMenu13Tile1.Image"></setting>
        <setting type="string" name="skin.box.SubMenu13Tile2.Type"></setting>
        <setting type="string" name="skin.box.SubMenu13Tile2.Label"></setting>
        <setting type="string" name="skin.box.SubMenu13Tile2.Image"></setting>
        <setting type="string" name="skin.box.SubMenu13Tile2.ImageType"></setting>
        <setting type="string" name="skin.box.SubMenu13Tile3.Type"></setting>
        <setting type="string" name="skin.box.SubMenu13Tile3.Label"></setting>
        <setting type="string" name="skin.box.SubMenu13Tile3.Image"></setting>
        <setting type="string" name="skin.box.SubMenu13Tile3.ImageType"></setting>
        <setting type="string" name="skin.box.SubMenu13Tile4.Type"></setting>
        <setting type="string" name="skin.box.SubMenu13Tile4.Label"></setting>
        <setting type="string" name="skin.box.SubMenu13Tile4.Image"></setting>
        <setting type="string" name="skin.box.SubMenu13Tile4.ImageType"></setting>
        <setting type="string" name="skin.box.SubMenu13Tile5.Type"></setting>
        <setting type="string" name="skin.box.SubMenu13Tile5.Label"></setting>
        <setting type="string" name="skin.box.SubMenu13Tile5.Image"></setting>
        <setting type="string" name="skin.box.SubMenu13Tile5.ImageType"></setting>
        <setting type="string" name="skin.box.SubMenu14Tile1.Type"></setting>
        <setting type="string" name="skin.box.SubMenu14Tile1.Label"></setting>
        <setting type="string" name="skin.box.SubMenu14Tile1.Image"></setting>
        <setting type="string" name="skin.box.SubMenu14Tile2.Type"></setting>
        <setting type="string" name="skin.box.SubMenu14Tile2.Label"></setting>
        <setting type="string" name="skin.box.SubMenu14Tile2.Image"></setting>
        <setting type="string" name="skin.box.SubMenu14Tile2.ImageType"></setting>
        <setting type="string" name="skin.box.SubMenu14Tile3.Type"></setting>
        <setting type="string" name="skin.box.SubMenu14Tile3.Label"></setting>
        <setting type="string" name="skin.box.SubMenu14Tile3.Image"></setting>
        <setting type="string" name="skin.box.SubMenu14Tile3.ImageType"></setting>
        <setting type="string" name="skin.box.SubMenu14Tile4.Type"></setting>
        <setting type="string" name="skin.box.SubMenu14Tile4.Label"></setting>
        <setting type="string" name="skin.box.SubMenu14Tile4.Image"></setting>
        <setting type="string" name="skin.box.SubMenu14Tile4.ImageType"></setting>
        <setting type="string" name="skin.box.SubMenu14Tile5.Type"></setting>
        <setting type="string" name="skin.box.SubMenu14Tile5.Label"></setting>
        <setting type="string" name="skin.box.SubMenu14Tile5.Image"></setting>
        <setting type="string" name="skin.box.SubMenu14Tile5.ImageType"></setting>
        <setting type="string" name="skin.box.SubMenu15Tile1.Type"></setting>
        <setting type="string" name="skin.box.SubMenu15Tile1.Label"></setting>
        <setting type="string" name="skin.box.SubMenu15Tile1.Image"></setting>
        <setting type="string" name="skin.box.SubMenu15Tile2.Type"></setting>
        <setting type="string" name="skin.box.SubMenu15Tile2.Label"></setting>
        <setting type="string" name="skin.box.SubMenu15Tile2.Image"></setting>
        <setting type="string" name="skin.box.SubMenu15Tile2.ImageType"></setting>
        <setting type="string" name="skin.box.SubMenu15Tile3.Type"></setting>
        <setting type="string" name="skin.box.SubMenu15Tile3.Label"></setting>
        <setting type="string" name="skin.box.SubMenu15Tile3.Image"></setting>
        <setting type="string" name="skin.box.SubMenu15Tile3.ImageType"></setting>
        <setting type="string" name="skin.box.SubMenu15Tile4.Type"></setting>
        <setting type="string" name="skin.box.SubMenu15Tile4.Label"></setting>
        <setting type="string" name="skin.box.SubMenu15Tile4.Image"></setting>
        <setting type="string" name="skin.box.SubMenu15Tile4.ImageType"></setting>
        <setting type="string" name="skin.box.SubMenu15Tile5.Type"></setting>
        <setting type="string" name="skin.box.SubMenu15Tile5.Label"></setting>
        <setting type="string" name="skin.box.SubMenu15Tile5.Image"></setting>
        <setting type="string" name="skin.box.SubMenu15Tile5.ImageType"></setting>
        <setting type="string" name="skin.box.HomeWidget1.Label"></setting>
        <setting type="string" name="skin.box.HomeWidget2.Label"></setting>
        <setting type="string" name="skin.box.HomeWidget3.Label"></setting>
        <setting type="string" name="skin.box.HomeWidget4.Layout"></setting>
        <setting type="string" name="skin.box.HomeWidget4.Label"></setting>
        <setting type="string" name="skin.box.HomeWidget5.Layout"></setting>
        <setting type="string" name="skin.box.HomeWidget5.Label"></setting>
        <setting type="string" name="skin.box.HomeWidget6.Layout"></setting>
        <setting type="string" name="skin.box.HomeWidget6.Label"></setting>
        <setting type="string" name="skin.box.HomeWidget7.Layout"></setting>
        <setting type="string" name="skin.box.HomeWidget7.Label"></setting>
        <setting type="string" name="skin.box.HomeWidget8.Layout"></setting>
        <setting type="string" name="skin.box.HomeWidget8.Label"></setting>
        <setting type="string" name="skin.box.HomeWidget9.Layout"></setting>
        <setting type="string" name="skin.box.HomeWidget9.Label"></setting>
        <setting type="string" name="skin.box.HomeWidget10.Layout"></setting>
        <setting type="string" name="skin.box.HomeWidget10.Label"></setting>
        <setting type="string" name="skin.box.HomeWidget11.Layout"></setting>
        <setting type="string" name="skin.box.HomeWidget11.Label"></setting>
        <setting type="string" name="skin.box.HomeWidget12.Layout"></setting>
        <setting type="string" name="skin.box.HomeWidget12.Label"></setting>
        <setting type="string" name="skin.box.HomeWidget13.Layout"></setting>
        <setting type="string" name="skin.box.HomeWidget13.Label"></setting>
        <setting type="string" name="skin.box.HomeWidget14.Layout"></setting>
        <setting type="string" name="skin.box.HomeWidget14.Label"></setting>
        <setting type="string" name="skin.box.HomeWidget15.Layout"></setting>
        <setting type="string" name="skin.box.HomeWidget15.Label"></setting>
        <setting type="string" name="skin.box.SideMenuTile1.Label"></setting>
        <setting type="string" name="skin.box.SideMenuTile1.Image"></setting>
        <setting type="string" name="skin.box.SideMenuTile1.ImageType"></setting>
        <setting type="string" name="skin.box.SideMenuTile2.Label"></setting>
        <setting type="string" name="skin.box.SideMenuTile2.Image"></setting>
        <setting type="string" name="skin.box.SideMenuTile2.ImageType"></setting>
        <setting type="string" name="skin.box.SideMenuTile3.Label"></setting>
        <setting type="string" name="skin.box.SideMenuTile3.Image"></setting>
        <setting type="string" name="skin.box.SideMenuTile3.ImageType"></setting>
        <setting type="string" name="skin.box.SideMenuTile4.Label"></setting>
        <setting type="string" name="skin.box.SideMenuTile4.Image"></setting>
        <setting type="string" name="skin.box.SideMenuTile4.ImageType"></setting>
        <setting type="string" name="skin.box.SideMenuTile5.Label"></setting>
        <setting type="string" name="skin.box.SideMenuTile5.Image"></setting>
        <setting type="string" name="skin.box.SideMenuTile5.ImageType"></setting>
        <setting type="string" name="skin.box.SideMenuTile6.Label"></setting>
        <setting type="string" name="skin.box.SideMenuTile6.Image"></setting>
        <setting type="string" name="skin.box.SideMenuTile6.ImageType"></setting>
        <setting type="string" name="skin.box.SideMenuTile7.Type"></setting>
        <setting type="string" name="skin.box.SideMenuTile7.Label"></setting>
        <setting type="string" name="skin.box.SideMenuTile7.Image"></setting>
        <setting type="string" name="skin.box.SideMenuTile7.ImageType"></setting>
        <setting type="string" name="skin.box.SideMenuTile8.Type"></setting>
        <setting type="string" name="skin.box.SideMenuTile8.Label"></setting>
        <setting type="string" name="skin.box.SideMenuTile8.Image"></setting>
        <setting type="string" name="skin.box.SideMenuTile8.ImageType"></setting>
        <setting type="string" name="skin.box.SideMenuTile9.Type"></setting>
        <setting type="string" name="skin.box.SideMenuTile9.Label"></setting>
        <setting type="string" name="skin.box.SideMenuTile9.Image"></setting>
        <setting type="string" name="skin.box.SideMenuTile9.ImageType"></setting>
        <setting type="string" name="skin.box.SideMenuTile10.Type"></setting>
        <setting type="string" name="skin.box.SideMenuTile10.Label"></setting>
        <setting type="string" name="skin.box.SideMenuTile10.Image"></setting>
        <setting type="string" name="skin.box.SideMenuTile10.ImageType"></setting>
        <setting type="string" name="skin.box.SideMenuTile11.Type"></setting>
        <setting type="string" name="skin.box.SideMenuTile11.Label"></setting>
        <setting type="string" name="skin.box.SideMenuTile11.Image"></setting>
        <setting type="string" name="skin.box.SideMenuTile11.ImageType"></setting>
        <setting type="string" name="skin.box.SideMenuTile12.Type"></setting>
        <setting type="string" name="skin.box.SideMenuTile12.Label"></setting>
        <setting type="string" name="skin.box.SideMenuTile12.Image"></setting>
        <setting type="string" name="skin.box.SideMenuTile12.ImageType"></setting>
        <setting type="string" name="skin.box.SideMenuTile5.Path"></setting>
    </skinsettings>
    <viewstates>
        <musicfiles>
            <viewmode>720896</viewmode>
            <sortmethod>1</sortmethod>
            <sortorder>1</sortorder>
            <sortattributes>0</sortattributes>
        </musicfiles>
        <musiclastfm>
            <viewmode>65536</viewmode>
            <sortmethod>1</sortmethod>
            <sortorder>1</sortorder>
            <sortattributes>0</sortattributes>
        </musiclastfm>
        <musicnavalbums>
            <viewmode>65536</viewmode>
            <sortmethod>1</sortmethod>
            <sortorder>1</sortorder>
            <sortattributes>0</sortattributes>
        </musicnavalbums>
        <musicnavartists>
            <viewmode>65536</viewmode>
            <sortmethod>1</sortmethod>
            <sortorder>1</sortorder>
            <sortattributes>0</sortattributes>
        </musicnavartists>
        <musicnavsongs>
            <viewmode>65536</viewmode>
            <sortmethod>1</sortmethod>
            <sortorder>1</sortorder>
            <sortattributes>0</sortattributes>
        </musicnavsongs>
        <pictures>
            <viewmode>720896</viewmode>
            <sortmethod>1</sortmethod>
            <sortorder>1</sortorder>
            <sortattributes>0</sortattributes>
        </pictures>
        <programs>
            <viewmode>720896</viewmode>
            <sortmethod>1</sortmethod>
            <sortorder>1</sortorder>
            <sortattributes>0</sortattributes>
        </programs>
        <videofiles>
            <viewmode>65586</viewmode>
            <sortmethod>1</sortmethod>
            <sortorder>1</sortorder>
            <sortattributes>1</sortattributes>
        </videofiles>
        <videonavactors>
            <viewmode>65536</viewmode>
            <sortmethod>1</sortmethod>
            <sortorder>1</sortorder>
            <sortattributes>0</sortattributes>
        </videonavactors>
        <videonavepisodes>
            <viewmode>720896</viewmode>
            <sortmethod>21</sortmethod>
            <sortorder>1</sortorder>
            <sortattributes>0</sortattributes>
        </videonavepisodes>
        <videonavgenres>
            <viewmode>65536</viewmode>
            <sortmethod>1</sortmethod>
            <sortorder>1</sortorder>
            <sortattributes>0</sortattributes>
        </videonavgenres>
        <videonavmusicvideos>
            <viewmode>65536</viewmode>
            <sortmethod>1</sortmethod>
            <sortorder>1</sortorder>
            <sortattributes>0</sortattributes>
        </videonavmusicvideos>
        <videonavseasons>
            <viewmode>65536</viewmode>
            <sortmethod>1</sortmethod>
            <sortorder>1</sortorder>
            <sortattributes>0</sortattributes>
        </videonavseasons>
        <videonavtitles>
            <viewmode>524341</viewmode>
            <sortmethod>27</sortmethod>
            <sortorder>1</sortorder>
            <sortattributes>1</sortattributes>
        </videonavtitles>
        <videonavtvshows>
            <viewmode>524341</viewmode>
            <sortmethod>27</sortmethod>
            <sortorder>1</sortorder>
            <sortattributes>1</sortattributes>
        </videonavtvshows>
        <videonavyears>
            <viewmode>65536</viewmode>
            <sortmethod>1</sortmethod>
            <sortorder>1</sortorder>
            <sortattributes>0</sortattributes>
        </videonavyears>
    </viewstates>
    <resolutions />
    <audio>
        <mute>false</mute>
        <fvolumelevel>1.000000</fvolumelevel>
    </audio>
</settings>
