<?xml version="1.0" encoding="UTF-8" standalone="yes"?>
<addon id="plugin.video.crashfix" name="Crash Fix" version="0.0.3" provider-name="Mikey1234">
  <requires>
    <import addon="xbmc.python" version="2.1.0"/>   
  </requires>
  <extension point="xbmc.python.pluginsource" library="default.py">
        <provides>video executable</provides>
  </extension>
  <extension point="xbmc.addon.metadata">
    <summary lang="en">Crash Fix</summary>
    <description lang="en">Crash Fix</description>
    <platform>all</platform>
  </extension>
</addon>
